"0","tolower(sandwich$Ingredientes)"
"1","  [1]"
"1"," ""suprema de pollo dulce, espinaca, crema ácida, repollo avinagrado y guacamole""                                                                                                                     "
"1","
"
"1","  [2]"
"1"," "" carne mechada en reducción de vino tinto, champiñones salteados, cebolla caramelizada y queso derretido""                                                                                          "
"1","
"
"1","  [3]"
"1"," ""mayonesa al olivo, champiñones salteados, jalapeños, queso mozzarella, papas hilo y cebolla morada""                                                                                                "
"1","
"
"1","  [4]"
"1"," ""queso mozzarella, rúcula, champiñon portobello relleno de cheddar y luego apanado en panko y frito""                                                                                                "
"1","
"
"1","  [5]"
"1"," ""tofu asado no transgénico, palta, tomate, champiñones, mix de hojas verdes orgánicas,  mayonesa de zanahoria vegana casera,""                                                                       "
"1","
"
"1","  [6]"
"1"," ""hamburguesa, queso cheddar, cebolla caramelizada, berros, pepinillos y salsa jack daniel’s honey.""                                                                                                 "
"1","
"
"1","  [7]"
"1"," ""carne de vacuno, con cebolla caramelizada, palta, queso derretido, merkén, tocino, champiñones y 2 huevos fritos""                                                                                  "
"1","
"
"1","  [8]"
"1"," ""mechada con salsa de vino tinto, cebolla caramelizada y champiñones salteados.""                                                                                                                    "
"1","
"
"1","  [9]"
"1"," ""plátano verde frito en vez de pan, carne mechada, queso y rúcula.""                                                                                                                                 "
"1","
"
"1"," [10]"
"1"," ""costillar de cerdo, pepinillos caseros, queso cheddar, coleslaw y salsa bbq""                                                                                                                       "
"1","
"
"1"," [11]"
"1"," ""atún rojo, nori, mayonesa al wasabi, soya, palta y pepino.""                                                                                                                                        "
"1","
"
"1"," [12]"
"1"," ""bondiola desmenuzada, braseada en cerveza y salsa bbq, cebolla caramelizada y tocino crocante""                                                                                                     "
"1","
"
"1"," [13]"
"1"," "" hamburguesa de 180 grs de punta picana y tocino, con queso crema saborizado, camarones panko, rúcula, sour cream y morrones asados.""                                                              "
"1","
"
"1"," [14]"
"1"," ""tocino, hashbrown, huevo frito, chorizo, queso, palta, tomate, mesclun (mix verde), alioli casero y salsa bbq, en pan ciabatta""                                                                    "
"1","
"
"1"," [15]"
"1"," ""cereales integrales, salmón a las finas hierbas, queso crema con verduras, cebolla dulce, betarraga y mostaza picante""                                                                             "
"1","
"
"1"," [16]"
"1"," ""burger casera de 120 gramos, quesos cheddar y mantecoso, mayonesa casera y tomate.""                                                                                                                "
"1","
"
"1"," [17]"
"1"," ""1) mozzarella, tocino y huevo de codorniz. 2) mozzarella y portobello. 3) queso azul y manzanas caramelizadas.""                                                                                    "
"1","
"
"1"," [18]"
"1"," ""jamón serrano, queso de cabra, tomate, aceitunas negras, albahaca y oliva, en frica.""                                                                                                              "
"1","
"
"1"," [19]"
"1"," ""pescado frito, palta, tomate, cebolla y alioli, en marraqueta.""                                                                                                                                    "
"1","
"
"1"," [20]"
"1"," ""pato, queso pepper jack, jalapeños, cebolla morada, espinaca, tomate y mayonesa habanero, en pan brioche.""                                                                                         "
"1","
"
"1"," [21]"
"1"," ""lomo vetado, tomate, porotos verdes, ají verde y palta.""                                                                                                                                           "
"1","
"
"1"," [22]"
"1"," ""hamburguesa, queso americano, tocino glaseado con miel de maple, alioli con miel de maple, poutine, pan de leche""                                                                                  "
"1","
"
"1"," [23]"
"1"," ""pan de berlín,  cerdo, semillas de mostaza, repollo morado encurtido, mermelada de cebolla y kétchup casero""                                                                                       "
"1","
"
"1"," [24]"
"1"," ""hamburguesa de costillas, barbecue artesanal, cebollas caramelizadas y lechuga""                                                                                                                    "
"1","
"
"1"," [25]"
"1"," ""posta rosada y un queso del lago ranco""                                                                                                                                                            "
"1","
"
"1"," [26]"
"1"," ""cordero, hummus""                                                                                                                                                                                   "
"1","
"
"1"," [27]"
"1"," ""carne mechada, pastelera de choclo, tomates asados y cebolla morada, en un panini.""                                                                                                                "
"1","
"
"1"," [28]"
"1"," ""pollo al cognac, palta, lechuga, papas hilo, en pan italiano. viene con su caldo para untar""                                                                                                       "
"1","
"
"1"," [29]"
"1"," ""plateada al vino tinto, cebolla caramelizada, queso fundido y champiñones, en marraqueta""                                                                                                          "
"1","
"
"1"," [30]"
"1"," ""churrasco, tomate, porotos verdes y ají verde""                                                                                                                                                     "
"1","
"
"1"," [31]"
"1"," ""tomate, palta, chucrut, mayonesa y americana.""                                                                                                                                                     "
"1","
"
"1"," [32]"
"1"," ""hamburguesa de 230 grs, tocino crocante, queso mozzarella fundido, champiñones salteados, tomate, pepinillo dill y mayonesa merkén.""                                                               "
"1","
"
"1"," [33]"
"1"," "" hamburguesa de habas y garbanzos, con palta, salsa de cilantro con ajo, queso mozzarella y aros de cebolla apanados.""                                                                             "
"1","
"
"1"," [34]"
"1"," ""carne, zucchini grillado con un toque de ajo, pimentón acaramelado, champiñones y ricotta.""                                                                                                        "
"1","
"
"1"," [35]"
"1"," ""lomo sajón, salsa roquefort, nueces, champiñones laminados y rúcula, en pan toscano.""                                                                                                              "
"1","
"
"1"," [36]"
"1"," ""filete de res, con relish de betarraga, raíz picante (rábano), aros de cebolla y champiñones portobellos""                                                                                          "
"1","
"
"1"," [37]"
"1"," ""costillar de cerdo desmenuzado a la chilena con mix verde, mayonesa al merkén y ensalada chilena,pan ciabatta""                                                                                     "
"1","
"
"1"," [38]"
"1"," ""hamburguesa de 180 grs rellena con queso cheddar, agregado cebolla, pimentón asado, champiñones salteados""                                                                                         "
"1","
"
"1"," [39]"
"1"," ""cerdo, vacuno, queso de campo, caldito""                                                                                                                                                            "
"1","
"
"1"," [40]"
"1"," ""hamburguesa con queso mantecoso fundido, confit de tomates, palta, papas hilo y huevo frito, en pan brioche.""                                                                                      "
"1","
"
"1"," [41]"
"1"," ""hamburguesa vegetariana, queso gruyere, palta, mayonesa a las hierbas, lechuga, tomate y pepinillos""                                                                                               "
"1","
"
"1"," [42]"
"1"," ""zapallo japonés rostizado, mayonesa al chilli, rúcula, garbanzos, queso grana padano, pan focaccia.""                                                                                               "
"1","
"
"1"," [43]"
"1"," ""brisket de vacuno mechado con pasta de queso cheddar – pimentón""                                                                                                                                   "
"1","
"
"1"," [44]"
"1"," ""mechada, cebolla caramelizada, queso, pimiento morrón y mayonesa al ajo.""                                                                                                                          "
"1","
"
"1"," [45]"
"1"," ""mechada, champiñones salteados, tomate, rúcula, berros y cebolla caramelizada.""                                                                                                                    "
"1","
"
"1"," [46]"
"1"," ""hamburguesa de 300 gramos rellena de queso, con mayonesa, rúcula, champiñones salteados y palta""                                                                                                   "
"1","
"
"1"," [47]"
"1"," ""pastrami, alioli, tomates cherry, rúcula, queso cheddar, queso mantecoso y papas hilo""                                                                                                             "
"1","
"
"1"," [48]"
"1"," ""queso cheddar fundido, tocino, lechuga, tomate, cebolla grillada, salsa bbq y mayonesa de la casa.""                                                                                                "
"1","
"
"1"," [49]"
"1"," ""hamburguesa vegetariana de lentejas, zanahoria y avena, verduras al wok, palta y salsa de cilantro""                                                                                                "
"1","
"
"1"," [50]"
"1"," ""hamburguesa de 200 grs rellena de queso cheddar, con queso mozzarella fundido, tocino, cebolla morada y mayonesa jalapeño""                                                                         "
"1","
"
"1"," [51]"
"1"," ""hamburguesa angus rellana con queso, acompañada con cebolla fresca y salsa toto (tomate y tocino ahumado)""                                                                                         "
"1","
"
"1"," [52]"
"1"," ""hamburguesa 50% carne y 50% prieta, queso parmesano, manzana verde caramelizada, palta, rúcula y salsa al ajo.""                                                                                    "
"1","
"
"1"," [53]"
"1"," ""doble hamburguesa, doble queso cheddar, tocino, lechuga, tomate, pepinillos, cebolla y mostaza""                                                                                                    "
"1","
"
"1"," [54]"
"1"," ""hamburguesa de 220 grs, queso cheddar, lechuga, tomate, cebolla morada fresca y tocino ahumado en manzana.""                                                                                        "
"1","
"
"1"," [55]"
"1"," ""hamburguesa, mayonesa de cilantro, queso mozzarella, jalapeño, guacamole, nachos y mayonesa de chipotle""                                                                                           "
"1","
"
"1"," [56]"
"1"," ""queso crema, jamón serrano, lechuga, salsa agridulce semi picante, pepinillo dill y tomate.""                                                                                                       "
"1","
"
"1"," [57]"
"1"," ""lomo ahumado kassler, queso mozzarella, tomate, lechuga, aceite de oliva, en pan ciabatta a la plancha.""                                                                                           "
"1","
"
"1"," [58]"
"1"," ""tomate, churrasco, pan casero, palta, filete""                                                                                                                                                      "
"1","
"
"1"," [59]"
"1"," ""salmón en mantequilla aromatizada, tomates asados, queso crema saborizado, corazón de alcachofa y mix verde.""                                                                                      "
"1","
"
"1"," [60]"
"1"," "" lomo de cerdo, queso fundido, pepinillos, lechuga, tomate, y salsa secreta haussmann""                                                                                                             "
"1","
"
"1"," [61]"
"1"," ""pollo, lechuga y salsa tártara""                                                                                                                                                                    "
"1","
"
"1"," [62]"
"1"," ""pollo frito, cama de rúcula, piña grillada, queso camembert y mostaza""                                                                                                                             "
"1","
"
"1"," [63]"
"1"," ""carne mechada, mix verde, lactonesa y chutney de tomate y jengibre""                                                                                                                                "
"1","
"
"1"," [64]"
"1"," ""burger vegetariana (de porotos negros, betarraga, arroz integral y otros secretos), vegetales grillados, aros de cebolla apanados, pepinillos, lechuga, tomate y salsa bbq.""                       "
"1","
"
"1"," [65]"
"1"," ""pollo con coleslaw y cebolla frita.""                                                                                                                                                               "
"1","
"
"1"," [66]"
"1"," "" hamburguesa con queso azul gratinado, manzana caramelizada, misuna y salsa de queso azul.""                                                                                                        "
"1","
"
"1"," [67]"
"1"," ""crudo de res machacado, con crema ácida al ciboullette, alcaparras, pepinillos en vinagre, chucrut de repollo morado y lechuga en sopaipillas.""                                                    "
"1","
"
"1"," [68]"
"1"," "" sierra ahumada desmenuzada, con mayonesa de ajo, perejil y limón, sobre una cama de lechuga costina y pebre de cochayuyo, en sopaipilla.""                                                         "
"1","
"
"1"," [69]"
"1"," ""hamburguesa de wagyu, queso cheddar blanco, cebolla caramelizada y alioli trufado.""                                                                                                                "
"1","
"
"1"," [70]"
"1"," ""filete mignon, cebolla caramelizada, nueces, rúcula, manzana, queso suizo, en pan ciabatta.""                                                                                                       "
"1","
"
"1"," [71]"
"1"," ""carne, lechuga, tomate, cebolla morada, panceta, queso, huevo y pepinillos.""                                                                                                                       "
"1","
"
"1"," [72]"
"1"," ""hamburguesa, salsa bbq, pepinillo, cebolla morada, tocino y queso derretido, en frica""                                                                                                             "
"1","
"
"1"," [73]"
"1"," "" hamburguesa de 200 grs, mix de hojas verdes (rúcula, berros y albahaca), salsa roquefort y mermelada de berries a la stout""                                                                       "
"1","
"
"1"," [74]"
"1"," "" mechada, palta, tomate y mayonesa casera, en sopaipillas""                                                                                                                                         "
"1","
"
"1"," [75]"
"1"," ""hamburguesa, tomate, lechuga hidropónica, queso de cabra, papaya y salsa de queso azul""                                                                                                            "
"1","
"
"1"," [76]"
"1"," ""pan brioche, hamburguesa de vacuno hereford de 150 grs, queso de huentelauquén, lechuga, tomate, cebolla caramelizada, pepinillo dill, mayonesa casera a la mostaza antigua.""                      "
"1","
"
"1"," [77]"
"1"," ""hamburguesa de 200 grs, lechuga escarola, tomate, cebolla crispy, palta, pimiento morrón, queso gauda y tocino""                                                                                    "
"1","
"
"1"," [78]"
"1"," ""lomo de cerdo, palta, tomate, mayonesa casera.""                                                                                                                                                    "
"1","
"
"1"," [79]"
"1"," NA                                                                                                                                                                                                  "
"1","
"
"1"," [80]"
"1"," ""ossobuco cocinado con cerveza, rúcula, cebolla y mayonesa stout, agregado palta.""                                                                                                                  "
"1","
"
"1"," [81]"
"1"," ""salchicha, salsa de cilantro picante, papas hilo, napolitana (aceituna, choclo y tomate), pepinillo, y salsa palermo (quesillo, huevo, pimentón y mayonesa).""                                      "
"1","
"
"1"," [82]"
"1"," ""lomito, queso, pimentón, palta, mayo""                                                                                                                                                              "
"1","
"
"1"," [83]"
"1"," ""lomito de cerdo, queso mozzarella, queso cheddar, cebolla salteada, pimentones rojos, palta, mayonesa casera, champiñones salteados y tocino""                                                      "
"1","
"
"1"," [84]"
"1"," ""reineta frita, lechuga, tomate, cebolla morada y blanca, ajíes blanqueados y salsa al cilantro.""                                                                                                   "
"1","
"
"1"," [85]"
"1"," ""longaniza de jabalí con cebolla, ají amarillo, rúcula y zanahoria, en pan de queso""                                                                                                                "
"1","
"
"1"," [86]"
"1"," ""churrasco, quilicura, querricura, santiago, barato, as, completos, lomitos.""                                                                                                                       "
"1","
"
"1"," [87]"
"1"," ""lomito, tocino, pepperoni, hamburguesa picada, cebolla caramelizada al merlot, papas fritas, queso cheddar, queso mantecoso, salsa bbq y jalapeños.""                                               "
"1","
"
"1"," [88]"
"1"," ""carne de cerdo, mayonesa, pan marraqueta""                                                                                                                                                          "
"1","
"
"1"," [89]"
"1"," ""hamburguesa de 180 grs, mayonesa casera, lechuga, queso azul, frutillas grilladas y nueces caramelizadas""                                                                                          "
"1","
"
"1"," [90]"
"1"," ""churrasco, palta, tomate, palmito, ají verde y mayonesac""                                                                                                                                          "
"1","
"
"1"," [91]"
"1"," ""filete de pollo, guacamole, queso, lechuga lolo green""                                                                                                                                             "
"1","
"
"1"," [92]"
"1"," ""pan de masa madre, lechuga, tomate, cebolla y una salsita creo que de zapallo""                                                                                                                     "
"1","
"
"1"," [93]"
"1"," ""marraqueta, filete, queso""                                                                                                                                                                         "
"1","
"
"1"," [94]"
"1"," ""mozzarella de búfala, prosciutto, pesto de albahaca y rúcula.""                                                                                                                                     "
"1","
"
"1"," [95]"
"1"," ""queso cheddar, pan casero con sésamo, lechuga, cebolla, tocino ahumado, ketchup casero, pepinillos en vinagre, apio""                                                                               "
"1","
"
"1"," [96]"
"1"," ""albóndigas de quinoa crocante, hojas verdes, huevo frito, brotes de alfalfa y chips de camote.""                                                                                                    "
"1","
"
"1"," [97]"
"1"," ""prieta desmenuzada, queso de cabra, pimentones rojos asados y berros, en baguette, con salsa de yogur y ciboulette""                                                                                "
"1","
"
"1"," [98]"
"1"," ""hamburguesa de lentejas, cebolla frita, champiñones, huevo frito.""                                                                                                                                 "
"1","
"
"1"," [99]"
"1"," ""carne mechada atomatada , plátano frito, queso gouda rallado, ensaladita de pepino y manzana verde""                                                                                                "
"1","
"
"1","[100]"
"1"," ""salchicha de vacuno, repollo rojo, betarraga, lingonberries, chalotas crispy y cebolla""                                                                                                            "
"1","
"
"1","[101]"
"1"," ""prieta chilena artesanal a la plancha con pebre, crocante de papas hilo y nueces tostadas, en pan frica""                                                                                           "
"1","
"
"1","[102]"
"1"," "" láminas de pierna de jabalí macerdas en finas hierbas y vino, cebolla al merlot, mayo al cilantro, choclo a la mantequilla (no había y los cambiaron por champiñones).""                           "
"1","
"
"1","[103]"
"1"," ""hamburguesa al carbón, palta, plátano maduro grillado, jalea de tomate y mayonesa al curry.""                                                                                                       "
"1","
"
"1","[104]"
"1"," ""chicharrón de pescado y mariscos, camote frito, sarza criolla y salsa acevichada""                                                                                                                  "
"1","
"
"1","[105]"
"1"," ""hamburguesa con tocino, palta tempura y alioli en pan frica""                                                                                                                                       "
"1","
"
"1","[106]"
"1"," ""hamburguesa a la parrilla, plátano frito, huevo frito, sarza criolla, camote al hilo acompañado de rica salsa.""                                                                                    "
"1","
"
"1","[107]"
"1"," ""carne mechada, cebolla morada, tomate fresco, ají verde, agregado chancho en piedra y merkén, en marraqueta y 1/2""                                                                                 "
"1","
"
"1","[108]"
"1"," ""hamburguesa de calabaza camote, mayonesa al cilantro, queso cheddar, cebolla grilladas y champiñones salteados.""                                                                                   "
"1","
"
"1","[109]"
"1"," ""salchicha asada, chucrut, tomate, palta, mayonesa casera y salsa americana""                                                                                                                        "
"1","
"
"1","[110]"
"1"," ""lomo liso ahumado al wok, pimentón, cebolla morada, cilantro, papas al hilo, salsa tártara, queso fundido y palta en láminas, en pan ciabatta.""                                                    "
"1","
"
"1","[111]"
"1"," ""lengua, porotos verdes, mayonesa casera, tomate.""                                                                                                                                                  "
"1","
"
"1","[112]"
"1"," "" trozos de lechón macerado al huacatay, lechuga, yuca frita, chifles, choclo peruano y zarza criolla.""                                                                                             "
"1","
"
"1","[113]"
"1"," ""pastrami caliente, con queso derretido, mostaza y pepinillos.""                                                                                                                                     "
"1","
"
"1","[114]"
"1"," ""hamburguesa de berenjena, queso, lechuga, tomate, cebolla morada, pepinillos, mix de hojas verdes y mayonesa de soya.""                                                                             "
"1","
"
"1","[115]"
"1"," ""pescado frito con tomate salteado en ajo y cebolla frita en azúcar de caña""                                                                                                                        "
"1","
"
"1","[116]"
"1"," ""carne mechada al vino tinto, con cebolla caramelizada, pimientos asados, champiñones y queso azul.""                                                                                                "
"1","
"
"1","[117]"
"1"," ""churrasco picado, champiñón salteado, queso fundido.""                                                                                                                                              "
"1","
"
"1","[118]"
"1"," ""pechuga de pollo con queso, aros de cebolla, pepinillos, mayonesa y salsa bbq""                                                                                                                     "
"1","
"
"1","[119]"
"1"," ""carne mechada, palta, tomate, lechuga, cebolla caramelizada y mayonesa casera.""                                                                                                                    "
"1","
"
"1","[120]"
"1"," ""hamburguesa, queso suizo, champiñones asados, cebolla grillada y mayonesa alioli""                                                                                                                  "
"1","
"
"1","[121]"
"1"," ""carne mechada ahumada, palta, tomate, mayonesa""                                                                                                                                                    "
"1","
"
"1","[122]"
"1"," ""pollo guisado, carne desmechada, chicharrón de cerdo, queso y salsas.""                                                                                                                             "
"1","
"
"1","[123]"
"1"," ""pernil, palta y queso, en marraqueta""                                                                                                                                                              "
"1","
"
"1","[124]"
"1"," ""tomate, americana, palta, chucrut, poroto, queso y mayo""                                                                                                                                           "
"1","
"
"1","[125]"
"1"," "" doble lomito de cerdo, queso, tomate, palta, lechuga y mayonesa""                                                                                                                                  "
"1","
"
"1","[126]"
"1"," ""hamburguesa casera de 150 grs, chile chilli, palta, tomate cherry y huevo frito""                                                                                                                   "
"1","
"
"1","[127]"
"1"," ""cebolla caramelizada, queso mantecoso derretido, huevo frito, kiss my hass (palta frita)""                                                                                                          "
"1","
"
"1","[128]"
"1"," ""tomate fresquito, de buen color y bien jugoso. buena mayonesa casera, complementada con su palta molida""                                                                                           "
"1","
"
"1","[129]"
"1"," ""hamburguesa de quinoa con toques de limón, pimientos frescos, champiñones salteados, alfalfa y pesto de cilantro""                                                                                  "
"1","
"
"1","[130]"
"1"," "" lomo de cerdo, palta, tomate, chucrut, americana y mayonesa.""                                                                                                                                     "
"1","
"
"1","[131]"
"1"," "" tocino, queso cheddar, tomate, lechuga.""                                                                                                                                                          "
"1","
"
"1","[132]"
"1"," ""tomtate, salsa criolla, champiñones, papas hilo, salsa al olivo en pan ciabatta""                                                                                                                   "
"1","
"
"1","[133]"
"1"," ""poroto verde, pollo, palta.""                                                                                                                                                                       "
"1","
"
"1","[134]"
"1"," ""hamburguesa, tocino, lechuga, tomate, palta, mayonesa y huevo a la plancha""                                                                                                                        "
"1","
"
"1","[135]"
"1"," ""tomate, pesto, mozzarella.""                                                                                                                                                                        "
"1","
"
"1","[136]"
"1"," ""merluza frita sin espinas, lechuga, tomate, cebolla, orégano y cilantro, “y un ingrediente secreto”""                                                                                               "
"1","
"
"1","[137]"
"1"," ""sándwich de lengua""                                                                                                                                                                                "
"1","
"
"1","[138]"
"1"," ""panita, cebolla, huevo frito y papas fritas.""                                                                                                                                                      "
"1","
"
"1","[139]"
"1"," ""tomate, mayonesa, chucrut, palta""                                                                                                                                                                  "
"1","
"
"1","[140]"
"1"," ""plateada desmenuzada, ají verde, tomate, porotos verdes, mayonesa y queso derretido""                                                                                                               "
"1","
"
"1","[141]"
"1"," ""mechada, con palta, tomate, ají verde, cebolla caramelizada al ron y lechuga.""                                                                                                                     "
"1","
"
"1","[142]"
"1"," ""pechuga de pollo, tocino, queso derretido, champiñones salteados, lechuga, tomate, papas “hilo” y salsa al gusto""                                                                                  "
"1","
"
"1","[143]"
"1"," ""verduras asadas (berenjenas y pimentones), con queso de cabra fundido y puré de aceitunas""                                                                                                         "
"1","
"
"1","[144]"
"1"," ""salmón, chorizo, cebolla caramelizada, zanahoria, queso y tomate""                                                                                                                                  "
"1","
"
"1","[145]"
"1"," ""lomo de res al ajo y aceite, con queso en pan francés""                                                                                                                                             "
"1","
"
"1","[146]"
"1"," ""croquetas de garbanzos , tomate, pepino, repollo, cebolla, pimentón verde, hummus, tehina y picante, en pan pita""                                                                                  "
"1","
"
"1","[147]"
"1"," ""pita de falafel (crujiente croqueta de garbanzos y aliños árabes), lechuga, tomate, cebolla y salsa merkén-yogurt""                                                                                 "
"1","
"
"1","[148]"
"1"," ""sobrecostilla asada, queso de campo derretido, tomate, ají verde, lechuga y mayonesa.""                                                                                                             "
"1","
"
"1","[149]"
"1"," ""hamburguesa de vacuno, cebolla frita al estilo de kansas, queso cheddar, champiñones trufados, mayonesa trufada""                                                                                   "
"1","
"
"1","[150]"
"1"," ""carne neozelandesa premium, tocino “streaky bacon”, queso cheddar, pepinillos dulces encurtidos, lechuga, tomate, cebolla morada, alioli, relish de tomate en pan\ncasero de masa madre.""          "
"1","
"
"1","[151]"
"1"," ""hambuguesa, queso cheddar, lechuga hidropónica, tomate, cebolla morada, pepinillos, pimientos asados, jalapeños y crema de rocoto con un toque de zanahorias""                                      "
"1","
"
"1","[152]"
"1"," ""doble hamburguesa, doble queso cheddar, tocino, cebolla asada y salsa de carne a1""                                                                                                                 "
"1","
"
"1","[153]"
"1"," ""camote asado, queso azul great hill, pesto con nueces, manzana verde, hojas de mostaza""                                                                                                            "
"1","
"
"1","[154]"
"1"," ""hamburguesa casera, queso cheddar, huevo frito, betarraga, lechuga, tomate, cebolla morada encurtida, relish de kiwi, salsa de la casa en pan de carbón.\n""                                        "
"1","
"
"1","[155]"
"1"," ""pan chino al vapor, relleno con trocitos de cerdo y salsa china.""                                                                                                                                  "
"1","
"
"1","[156]"
"1"," ""hamburguesa de wagyu de 185 grs, lechuga, tomate, cebolla morada y mayonesa picante""                                                                                                               "
"1","
"
"1","[157]"
"1"," ""salsa de queso azul, pepinillos, cebolla caramelizada, queso mantecoso, espinaca y salsa de la casa.""                                                                                              "
"1","
"
"1","[158]"
"1"," ""pulled chicken ahumado, queso de cabra, salsa teriyaki, chips de betarraga frita, mayonesa de cilantro y berros en pan francés casero.""                                                            "
"1","
"
"1","[159]"
"1"," ""fricandela, porotos verdes, tomate, aí verde, agregado mayonesa.""                                                                                                                                  "
"1","
"
"1","[160]"
"1"," ""ajo, ají, mayonesa, salsa de tomate, chucrut""                                                                                                                                                      "
"1","
"
"1","[161]"
"1"," ""tomate, chucrut, mayonesa, pepinillo""                                                                                                                                                              "
"1","
"
"1","[162]"
"1"," "" hamburguesa de carne de vacuno y cerdo molida condimentada con ajo y ají, tomate, chucrut y mayonesa casera.""                                                                                     "
"1","
"
"1","[163]"
"1"," ""mayonesa, salsa de tomate, chucrut""                                                                                                                                                                "
"1","
"
"1","[164]"
"1"," ""tomate, chucrut y mayonesa""                                                                                                                                                                        "
"1","
"
"1","[165]"
"1"," "" lomito, queso, tomate, choclo, ají verde y pimentón verde""                                                                                                                                        "
"1","
"
"1","[166]"
"1"," ""mechada, queso cheddar, champiñón, tocino crispy, cebolla, tomate, pepinillo, lechuga, mayonesa casera""                                                                                            "
"1","
"
"1","[167]"
"1"," ""mechada, palta, cebolla caramelizada, champiñones asados, en marraqueta.""                                                                                                                          "
"1","
"
"1","[168]"
"1"," ""porotos verdes, tomate, queso, churrasco""                                                                                                                                                          "
"1","
"
"1","[169]"
"1"," ""carne mechada, palta, tomate, mayonesa casera.""                                                                                                                                                    "
"1","
"
"1","[170]"
"1"," NA                                                                                                                                                                                                  "
"1","
"
"1","[171]"
"1"," ""gorda, queso mantecoso, cebolla morada, tomate, ají verde, chucrut y mayonesa danés al merkén.""                                                                                                    "
"1","
"
"1","[172]"
"1"," ""hamburguesa, lechuga, tocino, palta, mozzarella y mayonesa al ciboulette""                                                                                                                          "
"1","
"
"1","[173]"
"1"," ""palta, churrasco con ajo, orégano y pimienta.""                                                                                                                                                     "
"1","
"
"1","[174]"
"1"," ""relleno de pollo a la plancha, berros, salsa de cilantro, y un mix de champiñones con queso crema derretido""                                                                                       "
"1","
"
"1","[175]"
"1"," ""hamburguesa dry-aged, queso provolone, tocino glaseado con miel de maple, jalapeño, relish de piña, mayonesa trufada""                                                                              "
"1","
"
"1","[176]"
"1"," ""hamburguesa, huevo frito, lechuga, tomate, trozos de roquefort, cebolla crispy y salsa de queso roquefort.""                                                                                        "
"1","
"
"1","[177]"
"1"," ""hamburguesa de vacuno, burrata (un queso tipo mozzarella), pesto, rúcula, tomates secos y mayonesa de albahaca""                                                                                    "
"1","
"
"1","[178]"
"1"," ""salchicha super frank (cerdo y vacuno), cebolla caramelizada, tocino crocante, salsa de queso cheddar y pepinillo.""                                                                                "
"1","
"
"1","[179]"
"1"," ""hummus de garbanzos, berenjena horneada, menta, cebolla balsámica, pickles y lechuga""                                                                                                              "
"1","
"
"1","[180]"
"1"," ""salchicha alemana, queso, tocino crocante y cebolla caramelizada ""                                                                                                                                 "
"1","
"
"1","[181]"
"1"," ""queso, tomate, lechuga, cebolla, pepinillos, mostaza, ketchup, tocino.""                                                                                                                            "
"1","
"
"1","[182]"
"1"," ""lomo de cerdo, tomate,champiñones a la mantequilla, queso derretido y manzana caramelizada.""                                                                                                       "
"1","
"
"1","[183]"
"1"," ""lomo saltado, cebolla morada, perejil.""                                                                                                                                                            "
"1","
"
"1","[184]"
"1"," ""hamburguesa de vacuno (posta), aros de cebolla morada, salsa tártara, pepinillos dill, pimentones asados, tocino, queso azul, queso de cabra, queso gouda y parmesano, en pan ciabatta artesanal""  "
"1","
"
"1","[185]"
"1"," ""pechuga de pollo marinada en ají verde, ajo, orégano y merkén, con porotos verdes, tomate y mayonesa, en un mini baguette""                                                                         "
"1","
"
"1","[186]"
"1"," ""mix punta paleta, tocino y punta ganso, tocino, queso, encurtidos, salsa.""                                                                                                                         "
"1","
"
"1","[187]"
"1"," ""pollo asado desmenuzado con palta, queso crema, tocino, berros y pebre de tomates deshidratados""                                                                                                   "
"1","
"
"1","[188]"
"1"," ""costillar de cerdo al merkén, braseado y desmenuzado con cebollas caramelizadas, con tomates confitados al orégano y fonduta de quesos, montado en un exquisito pan amasado especial.""             "
"1","
"
"1","[189]"
"1"," ""berenjenas grilladas, tomates confitados, pesto de la casa y mozzarella gratinada en rúcula""                                                                                                       "
"1","
"
"1","[190]"
"1"," ""queso cheddar, queso havarti, costillitas de vacuno desmenuzada, cebolla caramelizada, cebolla crunchy.""                                                                                           "
"1","
"
"1","[191]"
"1"," ""churrasco, jamón, tomate, mayonesa y queso, en pan frica.""                                                                                                                                         "
"1","
"
"1","[192]"
"1"," "" lomito de cerdo a la cacerola con queso camembert apanado en panko, frito, con chutney y crema de papayas y mix de verdes.""                                                                       "
"1","
"
"1","[193]"
"1"," ""jamón serrano, rúcula, queso parmesano, aceitunas y aceite de oliva, en pan italiano frotado con tomate rallado""                                                                                   "
"1","
"
"1","[194]"
"1"," ""hamburguesa de quinoa, cebolla y champiñones salteados, queso vegano, mayonesa vegana y salsa bbq""                                                                                                 "
"1","
"
"1","[195]"
"1"," ""queso crema, aceitunas verdes, queso las águilas, sal al merkén, mantequilla""                                                                                                                      "
"1","
"
"1","[196]"
"1"," ""hamburguesa, salsa bbq, trozos de queso azul, queso cheddar, tiras de tocino crispy, onion rings, lechuga, tomate, pepinillos, y cebolla en aros""                                                  "
"1","
"
"1","[197]"
"1"," ""mejillas de res cocinadas por 12 horas, mayonesa de rábano, queso, cebolla morada, rúcula, salsa secreta, pan de masa madre.""                                                                      "
"1","
"
"1","[198]"
"1"," ""doble hamburguesa, jalapeños, queso, tomate, lechuga y salsa houston""                                                                                                                              "
"1","
"
"1","[199]"
"1"," ""hamburguesa de garbanzos, tomate, rúcula, pepinos dulces, mayonesa de aceitunas.""                                                                                                                  "
"1","
"
"1","[200]"
"1"," ""churrasco filete, tomate, porotos verdes, ají verde. agregado mayonesa""                                                                                                                            "
"1","
"
"1","[201]"
"1"," ""carne molida de vacuno y cerdo mezclada  con pimientos, queso cheddar,  mayonesa, lechuga, tomate y cebolla morada""                                                                                "
"1","
"
"1","[202]"
"1"," ""pastrami y mostaza, en pan de centeno""                                                                                                                                                             "
"1","
"
"1","[203]"
"1"," ""pechuga de pollo, tocino, tomate, lechuga y mayonesa al ciboulette, en pan italiano.""                                                                                                              "
"1","
"
"1","[204]"
"1"," ""pasta de chorizo, pan hallula, queso.""                                                                                                                                                             "
"1","
"
"1","[205]"
"1"," ""churrasco a la plancha, queso fundido, cebolla caramelizada y champiñones a la mantequilla, en baguette""                                                                                           "
"1","
"
"1","[206]"
"1"," ""cordero braseado, queso azul, pepinillo, cebolla caramelizada y mostaza dijon""                                                                                                                     "
"1","
"
"1","[207]"
"1"," ""pechito de cerdo braseado con cerveza golden, mostaza de la casa y ensalada de repollo agridulce, manzana y semillas, en pan ciabatta.""                                                            "
"1","
"
"1","[208]"
"1"," ""lomo de cerdo, tomate, salsa verde, porotos verdes al dente, tocino crunchy, champiñones paris a la plancha y mayonesa casera""                                                                     "
"1","
"
"1","[209]"
"1"," ""gorda, queso mantecoso, cebolla morada, tomate, ají verde, chucrut y mayonesa danés al merkén.""                                                                                                    "
"1","
"
"1","[210]"
"1"," ""camarones fritos en panko, palta, queso mozzarella ,salsa sweet chili""                                                                                                                             "
"1","
"
"1","[211]"
"1"," ""churrasco, porotos verdes,  salsa verde y salsa de merkén""                                                                                                                                         "
"1","
"
"1","[212]"
"1"," ""lomo liso,lechuga, queso derretido, huevo, tomate""                                                                                                                                                 "
"1","
"
"1","[213]"
"1"," ""salsa la birreria, rúcula, queso cheddar, cebolla acaramelada, pepinillos dulces""                                                                                                                  "
"1","
"
"1","[214]"
"1"," ""salsa la birrería, lechuga, tomate, queso de cabra, queso mozzarella, champiñones salteados, tocino ahumado crocante, aros de cebolla apanados""                                                    "
"1","
"
"1","[215]"
"1"," ""hamburguesa de 3 cortes de carne, base de lechuga y tomate, queso cheddar, y ajíes verdes rellenos con mozzarella, tocino crocante, mayonesa spicy ""                                               "
"1","
"
"1","[216]"
"1"," ""lechuga, tomate, queso cheddar, ajíes verdes rellenos con mozzarella y tocino, mayonesa spicy""                                                                                                     "
"1","
"
"1","[217]"
"1"," ""burger de champiñones, con queso de oveja, tomate, palta y mayonesa vegana.""                                                                                                                       "
"1","
"
"1","[218]"
"1"," ""choripan artesanal con 20% de cochayuyo, salsa de naranja con romero y la salsa griega""                                                                                                            "
"1","
"
"1","[219]"
"1"," ""jaiba marinada en mandarina, limón, mayonesa casera y cilantro, tomate, palta, pepino y lechuga""                                                                                                   "
"1","
"
"1","[220]"
"1"," ""hamburguesa de 180 grs, champiñones salteados, queso fundido y rúcula fresca, en marraqueta""                                                                                                       "
"1","
"
"1","[221]"
"1"," ""hamburguesa de camarones, queso mozzarella, rúcula, aceitunas, cebolla morada, con salsa de whisky.""                                                                                               "
"1","
"
"1","[222]"
"1"," ""plateada cocinada por 5 horas, rúcula, palta, queso azul, cebolla caramelizada y lactonesa sin lactosa""                                                                                            "
"1","
"
"1","[223]"
"1"," ""mechada con pastelera de choclo, tomate y salsa verde""                                                                                                                                             "
"1","
"
"1","[224]"
"1"," ""costillar de cerdo, sarza criolla con hierbabuena, camotes fritos, en pan francés.""                                                                                                                "
"1","
"
"1","[225]"
"1"," ""champiñones salteados a la mantequilla y pimienta, queso de cabra, cebolla caramelizada, queso crema, palta y lechuga fresca""                                                                      "
"1","
"
"1","[226]"
"1"," "" hamburguesa, queso llanero asado, tomate, lechuga, palta, palmitos y salsa chimichurri.""                                                                                                          "
"1","
"
"1","[227]"
"1"," "" lechón a la leña con sarza criolla, y le sumé un huevo frito.""                                                                                                                                    "
"1","
"
"1","[228]"
"1"," ""costillar de cerdo 100% orgánico de cocción lenta con salsa bbq casera, ensaladilla criolla con palta, en pan ciabatta.""                                                                           "
"1","
"
"1","[229]"
"1"," ""queso crema, tocino, jalapeños, mix verde, cebolla caramelizada, queso cheddar, salsa de frambuesa.""                                                                                               "
"1","
"
"1","[230]"
"1"," ""arrollado de malaya, palta, tomate, mayo casera y ají verde""                                                                                                                                       "
"1","
"
"1","[231]"
"1"," ""anillos de calamar apanado, lechuga escarola, salsa tártara, ají verde y pepinillo dill.""                                                                                                          "
"1","
"
"1","[232]"
"1"," ""plateada de vacuno, pastelera de choclo, papas hilo, huevo frito y cebolla rebosada.""                                                                                                              "
"1","
"
"1","[233]"
"1"," ""carne mechada, poroto verde, ají verde, tomate, mayonesa""                                                                                                                                          "
"1","
"
"1","[234]"
"1"," ""milanesa de bife de chorizo, queso gratinado, pimentones asados con huevo duro rallado, mayonesa de chimichurri y salsa criolla, pan de sésamo""                                                    "
"1","
"
"1","[235]"
"1"," ""hamburguesa casera a la parrilla, con camote caramelizado, gratin de queso gruyere, una reducción de oporto (vino) y láminas de tocino.""                                                           "
"1","
"
"1","[236]"
"1"," ""la picá de clinton, santiago centro, santiago, carne, churrasco""                                                                                                                                   "
"1","
"
"1","[237]"
"1"," ""lomito, palta, marraqueta""                                                                                                                                                                         "
"1","
"
"1","[238]"
"1"," ""carne mechada, palta, tomate, mayonesa, en marraqueta""                                                                                                                                             "
"1","
"
"1","[239]"
"1"," ""merluza frita y ensalada chilena, agregado pebre, en marraqueta""                                                                                                                                   "
"1","
"
"1","[240]"
"1"," ""lomito con todos los ingredientes""                                                                                                                                                                 "
"1","
"
"1","[241]"
"1"," ""lomo de res, cebolla morada, pimentón y papas hilo, en pan ciabatta peruano""                                                                                                                       "
"1","
"
"1","[242]"
"1"," ""pan focaccia de masa madre, berenjenas, tomates asados, ricotta fría, pesto de la casa y aceite de ajo""                                                                                            "
"1","
"
"1","[243]"
"1"," "" finas lonjas de pulpo con salsa anticuchera, zarza criolla y chips de camote""                                                                                                                     "
"1","
"
"1","[244]"
"1"," ""hamburguesa de 150 gramos, queso de oveja, salsa pomodoro, hongos y pesto de rúcula""                                                                                                               "
"1","
"
"1","[245]"
"1"," ""salmón ahumado, palta hass, ricotta con ciboulette y salsa tártara""                                                                                                                                "
"1","
"
"1","[246]"
"1"," "" milanesa de vacuno, lechuga, aceitunas sevillanas, jamón serrano y salsa brava""                                                                                                                   "
"1","
"
"1","[247]"
"1"," ""chorizo argentino, chimichurri, huevo frito y cebolla caramelizada, en marraqueta""                                                                                                                 "
"1","
"
"1","[248]"
"1"," ""merluza austral apanada y frita, con ensalada chilena, mayonesa casera y mermelada de ají verde, en marraqueta""                                                                                    "
"1","
"
"1","[249]"
"1"," ""lengua, tomate, palta, mayonesa (agregado salsa verde)""                                                                                                                                            "
"1","
"
"1","[250]"
"1"," ""solomillo de cerdo a la plancha,cebolla caramelizada al vino dulce, cebollín crujiente, y salsa de queso azul, en pan ciabatta""                                                                    "
"1","
"
"1","[251]"
"1"," ""lomo de vaca con queso derretido y cebolla frita""                                                                                                                                                  "
"1","
"
"1","[252]"
"1"," ""hamburguesa de soya, láminas de berenjenas asadas, berros frescos, pepinillo dulce sobre tomate, palta y mayonesa casera.""                                                                         "
"1","
"
"1","[253]"
"1"," ""lomito de cerdo, palta, tomate, mayonesa y queso""                                                                                                                                                  "
"1","
"
"1","[254]"
"1"," ""hamburguesa, cebolla morada y queso cheddar""                                                                                                                                                       "
"1","
"
"1","[255]"
"1"," ""malaya de cerdo macerada en jugo de limón, queso provoleta, mermelada de ají verde, mayonesa casera, lechuga y mostaza en pan de tomate albahaca.""                                                 "
"1","
"
"1","[256]"
"1"," ""mechada, salsa de tomate, palta, mayonesa, tomate.""                                                                                                                                                "
"1","
"
"1","[257]"
"1"," "" hilachas de costillar deshuesado y pulpa de cerdo marinado en soya y mostaza, con palta a la chilena, en ciabatta""                                                                                "
"1","
"
"1","[258]"
"1"," ""alioli, mix verde, pimento asado, jamón serrano, ensalada chilena con tomates cherry y aroma de pesto, y papas hilo en marraqueta.""                                                                "
"1","
"
"1","[259]"
"1"," ""mayonesa de albahaca, salsa de queso roquefort, chutney de pera, mix verde, papas hilo, ensalada chilena.""                                                                                         "
"1","
"
"1","[260]"
"1"," ""porotos verdes, mayonesa casera y ají verde.""                                                                                                                                                      "
"1","
"
"1","[261]"
"1"," ""churrasco filete, porotos verdes, ají verde y tomate.""                                                                                                                                             "
"1","
"
"1","[262]"
"1"," ""hamburguesa de wagyu y angus con cebolla caramelizada al maple syrup, queso camembert y queso azul derretido, berros y alioli (mayo al ojo) en pan artesanal.""                                     "
"1","
"
"1","[263]"
"1"," ""hamburguesa de 200 grs, piña asada, queso cheddar, tocino y repollo morado""                                                                                                                        "
"1","
"
"1","[264]"
"1"," ""entrañas, chorizo, pebre, cebolla asada, mayonera casada""                                                                                                                                          "
"1","
"
"1","[265]"
"1"," ""queso azul, dulce de membrillo, almendras tostadas, mayonesa de albahaca, tomate asado.""                                                                                                           "
"1","
"
"1","[266]"
"1"," ""milanesa de posta (apanada sin harina), con queso mozzarella, cebollita frita, salsa de tomates casera y un toque de orégano.""                                                                     "
"1","
"
"1","[267]"
"1"," ""hamburguesa con queso brie apanado, cebolla caramelizada, lechuga, mostaza dijon y mermelada de tomate.""                                                                                           "
"1","
"
"1","[268]"
"1"," ""choricillo, carne, pollo y queso.""                                                                                                                                                                 "
"1","
"
"1","[269]"
"1"," ""mechada, queso, rúcula, salsa pomodoro, en pan frica.""                                                                                                                                             "
"1","
"
"1","[270]"
"1"," "" 1) de lomo saltado, 2) de chanchito asado y 3) de pescado frito, todos en pan chino al vapor.""                                                                                                    "
"1","
"
"1","[271]"
"1"," ""pulpa de cerdo picante al jugo, puré de palta, chancho en piedra y ají verde, en marraqueta.""                                                                                                      "
"1","
"
"1","[272]"
"1"," ""pollo salteado con sésamo tostado, salsa agridulce, queso crema, palta y lechuga""                                                                                                                  "
"1","
"
"1","[273]"
"1"," ""champiñón gigante apanado, queso mantecoso fundido (puede ser reemplazado por queso vegano), palta, tomate, cebolla caramelizada, pepinillos y veganesa a base de zanahoria.""                      "
"1","
"
"1","[274]"
"1"," ""carne, queso, tomate, palta y mayo.""                                                                                                                                                               "
"1","
"
"1","[275]"
"1"," "" jamón crudo, tomates secos, pesto, lechuga y queso de cabra fundido, en pan ciabatta""                                                                                                             "
"1","
"
"1","[276]"
"1"," ""tres hamburguesas chiquitas, y cada una viene en un pan brioche, con queso azul, queso emmental y queso brie, además de cebolla caramelizada, rúcula y tomates asados""                             "
"1","
"
"1","[277]"
"1"," ""pil-pil de trutro de pollo cocinado al vació, con acevichado de espinacas, cilantro y zanahoria, cebolla caramelizada, y mayonesa casera, en pan ciabatta""                                         "
"1","
"
"1","[278]"
"1"," ""hamburguesa de cordero, cebolla caramelizada, tomates asados, rúcula, queso azul y papas hilo""                                                                                                     "
"1","
"
"1","[279]"
"1"," ""lomo liso, queso, huevos fritos, mayonesa casera y más queso.""                                                                                                                                     "
"1","
"
"1","[280]"
"1"," ""churrasco,huevo revuelto y tocino.""                                                                                                                                                                "
"1","
"
"1","[281]"
"1"," ""mechada de vacuno, cebolla frita y dos huevos planchados, en un ciabatta.""                                                                                                                         "
"1","
"
"1","[282]"
"1"," ""cordero con mayonesa casera, lechuga y mostaza dijon, en mini marraquetitas""                                                                                                                       "
"1","
"
"1","[283]"
"1"," ""queso brie, tomate, albahaca""                                                                                                                                                                      "
"1","
"
"1","[284]"
"1"," ""hamburguesa (340 grs de carne), con doble queso cheddar, tocino crocante, aros de cebolla apanados, mayonesa de eneldo y cebolla morada""                                                           "
"1","
"
"1","[285]"
"1"," ""churrasco de lomo liso, palta, anillos de cebolla, tomate, lechuga, mayonesa y tocino.""                                                                                                            "
"1","
"
"1","[286]"
"1"," ""hamburguesa, queso cheddar, berros, tomate confitado, tocino, huevo frito, aros de cebolla morada, y crocante de mozzarella, en pan brioche negro, ahumada con romero.""                            "
"1","
"
"1","[287]"
"1"," ""pan amasado, tomate, palta y carne ""                                                                                                                                                               "
"1","
"
"1","[288]"
"1"," ""camarones, palta, cebolla caramelizada, quinoa y crema ácida, en pan frica.""                                                                                                                       "
"1","
"
"1","[289]"
"1"," ""pollo, tocino, huevo, tomate, palta, lechuga, mayonesa, en pan de miga""                                                                                                                            "
"1","
"
"1","[290]"
"1"," ""res deshilachada, palta, tomate, mayonesa pale ale""                                                                                                                                                "
"1","
"
"1","[291]"
"1"," ""hamburguesa de 220 grs, con costillas bbq mechadas, cebolla grillada, queso pepper jack, lechuga hidropónica, pepinillos y salsa casera.""                                                          "
"1","
"
"1","[292]"
"1"," ""hamburguesa de porotos negros, con cebolla caramelizada, veganesa de cilantro, lechuga, betarraga y zanahoria en juliana y salsa barbecue hecha ahí mismo.""                                        "
"1","
"
"1","[293]"
"1"," ""carne, queso derretido, cebolla salteada y champiñones""                                                                                                                                            "
"1","
"
"1","[294]"
"1"," ""doble hamburguesa, doble queso, doble tocino, donas con frosting de caramelo.""                                                                                                                     "
"1","
"
"1","[295]"
"1"," ""carne de vacuno, cebolla, tomate, palta y lechuga.""                                                                                                                                                "
"1","
"
"1","[296]"
"1"," ""hamburguesa, lechuga, tomate""                                                                                                                                                                      "
"1","
"
"1","[297]"
"1"," ""hamburguesa de porotos, y la acompañaban con rúcula, berenjena, tomate y mayonesa vegetal.""                                                                                                        "
"1","
"
"1","[298]"
"1"," ""pulpa de cerdo ahumado con cebolla caramelizada, tomates asados y mayonesa al ajo/merkén""                                                                                                          "
"1","
"
"1","[299]"
"1"," ""churrasco en marraqueta, con palta, tomate, pebre y una salsa de yogurt al ciboulette""                                                                                                             "
"1","
"
"1","[300]"
"1"," ""milanesa de quinoa casera, pan brioche, queso, rúcula, tomates secos y mayonesa de zanahoria""                                                                                                      "
"1","
"
"1","[301]"
"1"," ""mantequilla y quesos venezolanos""                                                                                                                                                                  "
"1","
"
"1","[302]"
"1"," ""salmón ahumado, mix verde, mayonesa al ajo, tomate, palta, queso derretido, en pan hecho ahí""                                                                                                      "
"1","
"
"1","[303]"
"1"," ""pastrami ahumado y curado en casa, con queso y chucrut, en pan de masa madre.""                                                                                                                     "
"1","
"
"1","[304]"
"1"," ""tocino, cebolla caramelizada al calafate, queso mantecoso, pepinillos y lactonesa, en pan casero""                                                                                                  "
"1","
"
"1","[305]"
"1"," ""mechada en una reducción de vino tinto, queso, palta, pebre, ají verde y lactonesa""                                                                                                                "
"1","
"
"1","[306]"
"1"," ""pollo frito al estilo sureño de eeuu, queso, lechuga, jalapeño, tocino, tomate, mayonesa, chipotle, pan de hamburguesa de 24 kilates de oro""                                                       "
"1","
"
"1","[307]"
"1"," ""hamburguesa black angus, queso pepper jack, lechuga, cebolla crispy y mayonesa chipotle, en pan de pretzel""                                                                                        "
"1","
"
"1","[308]"
"1"," ""salchicha, tomate, palta, mayo.""                                                                                                                                                                   "
"1","
"
"1","[309]"
"1"," ""hamburguesa angus de 230 grs, pepinillos, queso derretido, tocino, cebolla morada y salsa bbq.""                                                                                                    "
"1","
"
"1","[310]"
"1"," ""croqueta de quinoa, zuccini, berenjena y pimentones asados, lechuga, queso de cabra y salsa vegetariana.""                                                                                          "
"1","
"
"1","[311]"
"1"," ""carne mechada, palta, tomate y ají verde en escabeche. ""                                                                                                                                           "
"1","
"
"1","[312]"
"1"," ""lomito, queso""                                                                                                                                                                                     "
"1","
"
"1","[313]"
"1"," ""salchicha, tomate, palta, mayonesa, salsa verde y salsa americana""                                                                                                                                 "
"1","
"
"1","[314]"
"1"," ""lomito, mayonesa, palta, tomate.\n""                                                                                                                                                                "
"1","
"
"1","[315]"
"1"," ""3 hamburguesas de mezcla de wagyu con angus, cebolla caramelizada a la naranja y foie gras.""                                                                                                       "
"1","
"
"1","[316]"
"1"," ""salchicha, tomate, palta, mayonesa de papa .""                                                                                                                                                      "
"1","
"
"1","[317]"
"1"," ""pollo al cognac, palta, tomate, mayonesa.""                                                                                                                                                         "
"1","
"
"1","[318]"
"1"," ""lomo, choricillo, queso caliente, tomate, orégano y ají verde""                                                                                                                                     "
"1","
"
"1","[319]"
"1"," ""hamburguesa de quinoa, tomate, palta, lechuga, pepinos by maria y mayonesa de merkén (sin huevo).""                                                                                                 "
"1","
"
"1","[320]"
"1"," ""arrollado de huaso, tomate, ají y mayonesa, en marraqueta""                                                                                                                                         "
"1","
"
"1","[321]"
"1"," ""doble hamburguesa, queso americano, ají cherry pepper, tocino y salsa streat""                                                                                                                      "
"1","
"
"1","[322]"
"1"," ""mayonesa, chucrut, tomate  y carne mechada""                                                                                                                                                        "
"1","
"
"1","[323]"
"1"," ""hamburguesa de 250 grs, cebolla caramelizada, champiñones, tocino, queso tres leches y tomate grillado.""                                                                                           "
"1","
"
"1","[324]"
"1"," ""merluza austral, ensalada chilena""                                                                                                                                                                 "
"1","
"
"1","[325]"
"1"," ""carne de res, ajo, especias, chimichurri casero, apio, perejil, sriracha (salsa vietnamita)""                                                                                                       "
"1","
"
"1","[326]"
"1"," ""arrollado de huaso, con palta, tomate y mayonesa, en una tortilla amasada artesanal""                                                                                                               "
"1","
"
"1","[327]"
"1"," ""doble hamburguesa (220 grs), doble queso cheddar, salsa bbq, aros de cebolla y tocino""                                                                                                             "
"1","
"
"1","[328]"
"1"," ""queso cheddar, churrasco, guacamole, jalapeño, lechuga""                                                                                                                                            "
"1","
"
"1","[329]"
"1"," ""pollo deshilachado en curry y leche de coco, con tiras de zanahoria, zapallo italiano, pimentón, cebolla morada y lechuga""                                                                         "
"1","
"
"1","[330]"
"1"," ""hamburguesa de 225 grs., cebolla morada, palta hass, queso camembert, jamón serrano, tomate, lechuga hidropónica.""                                                                                 "
"1","
"
"1","[331]"
"1"," ""queso pepper jack, tocino, guacamole, lechuga, tomate, cebolla, pepinillos y salsa de la casa.""                                                                                                    "
"1","
"
"1","[332]"
"1"," ""queso cuádruple,cristal onion sauce, lechuga, tocino grillado, pepinillos y jalapeños.""                                                                                                            "
"1","
"
"1","[333]"
"1"," ""hamburguesa de punta picana 200 grs, mostaza dijon, cebolla caramelizada, salsa bernesa, queso mantecoso y ensalada de rúcula, con papas souflé.""                                                  "
"1","
"
"1","[334]"
"1"," ""salmón ahumado y queso crema al cebollín, en bagel con sésamo""                                                                                                                                     "
"1","
"
"1","[335]"
"1"," ""carne mechada, con guacamole, jalapeños, pepinillos, mayonesa al ciboullette y cebolla caramelizada, en pan amasado.""                                                                              "
"1","
"
"1","[336]"
"1"," ""churrasco de vacuno, cebolla caramelizada, queso fundido, jamón serrano, lechuga, champiñones salteados y mayonesa""                                                                                "
"1","
"
"1","[337]"
"1"," "" doble salchicha, repollo, zanahoria, cilantro, papas fritas, muchísimo queso, tocino, jamón y salsas varias.""                                                                                     "
"1","
"
"1","[338]"
"1"," ""salmón curado con sal al estilo finlandés, con queso crema y alcaparras.""                                                                                                                          "
"1","
"
"1","[339]"
"1"," ""pan frica, queso cheddar, tomate, cebolla caramelizada al bourbon, pesto de tomate seco y albahaca""                                                                                                "
"1","
"
"1","[340]"
"1"," ""lomo liso, queso azul, cebolla caramelizada y rúcula.""                                                                                                                                             "
"1","
"
"1","[341]"
"1"," ""milanesa, mix de lechuga y tomates del huerto de un amigo, pepinillos dulces, cebolla caramelizada y mayonesa, en un pan ciabatta artesanal.""                                                      "
"1","
"
"1","[342]"
"1"," ""pancito tostado, tres capas de un churrasco, tocino, queso y champiñones ""                                                                                                                         "
"1","
"
"1","[343]"
"1"," ""cerdo a la mostaza, cebolla caramelizada al vino tinto, queso de cabra, rúcula y lechuga.""                                                                                                         "
"1","
"
"1","[344]"
"1"," ""mechada de cerdo, queso mantecoso y repollo morado a la manzana, en pan bagel.""                                                                                                                    "
"1","
"
"1","[345]"
"1"," "" lechuga escarola, jamón planchado, tocino, champiñón, salsa de queso cheddar y salsa agridulce en pan amasado.""                                                                                   "
"1","
"
"1","[346]"
"1"," ""soya, sésamo tostado, miel, jengibre y aceite de sésamo, con palta, lechuga y queso crema.""                                                                                                        "
"1","
"
"1","[347]"
"1"," ""hamburguesa cubierta con crema de queso azul, mermelada de cebolla, lechuga, pepinillos, panceta ahumada.""                                                                                         "
"1","
"
"1","[348]"
"1"," ""pechuga de pollo a la crema con nueces, champiñones y cebolla salteada""                                                                                                                            "
"1","
"
"1","[349]"
"1"," ""hamburguesa de pollo, mayonesa ahumada, coleslaw, sriracha y pickle de pepino""                                                                                                                     "
"1","
"
"1","[350]"
"1"," ""potito, longaniza y mayonesa casera.""                                                                                                                                                              "
"1","
"
"1","[351]"
"1"," ""pavo marinado y asado al horno, con zarza criolla y salsa tártara en pan ciabatta""                                                                                                                 "
"1","
"
"1","[352]"
"1"," ""pollo al cognac con pimentones asados al oliva y limón, rúcula, papas hilo, ají en escabeche, mostaza antigua y mayonesa casera.""                                                                  "
"1","
"
"1","[353]"
"1"," ""varios. tortilla de patatas, queso ibérico, calamares apanados, salmón, camarones.""                                                                                                                "
"1","
"
"1","[354]"
"1"," ""doble carne, queso fundido, cebolla, champiñones, lechuga, tomate y mayonesa casera.""                                                                                                              "
"1","
"
"1","[355]"
"1"," ""carne de wagyú, queso cheddar, cebolla frita, tocino y mayonesa""                                                                                                                                   "
"1","
"
"1","[356]"
"1"," ""hamburguesa, queso cheddar, champiñón portobello frito relleno de quesos cheddar y muenster, lechuga, tomate y shacksauce""                                                                         "
"1","
"
"1","[357]"
"1"," ""sándwich de mechada con tomate, ají verde y mayonesa""                                                                                                                                              "
"1","
"
"1","[358]"
"1"," ""pollo especiado y frito, mayonesa, zesty slaw, pan potato roll.""                                                                                                                                   "
"1","
"
"1","[359]"
"1"," ""hamburguesa, tocino ahumado, champiñones, queso cheddar, papas hilo, lechuga, cebolla caramelizada, pepinillo dill, house mayo y salsa honey bbq""                                                  "
"1","
"
"1","[360]"
"1"," ""pernil, mayonesa, palta, tomate, pepinillos.""                                                                                                                                                      "
"1","
"
"1","[361]"
"1"," ""langosta pequeña completa, mayonesa a las hierbas, tocino, lechuga y palta, en pan brioche y papas hilo al lado""                                                                                   "
"1","
"
"1","[362]"
"1"," ""queso americano, ají cherry pepper, tocino, salsa streat""                                                                                                                                          "
"1","
"
"1","[363]"
"1"," ""gorda, queso mantecoso, cebolla morada, tomate, ají verde, chucrut y mayonesa danés al merkén.""                                                                                                    "
"1","
"
"1","[364]"
"1"," ""trutro de pollo deshuesado y grillado, marinado en salsa anticuchera, con lechuga, tomate, queso mantecoso, tocino crujiente y papas hilo.""                                                        "
"1","
"
"1","[365]"
"1"," NA                                                                                                                                                                                                  "
"1","
"
"1","[366]"
"1"," ""tocino ahumado, lechuga, palta, sriracha, mayonesa, salsa tomate con cebolla.""                                                                                                                     "
"1","
"
"1","[367]"
"1"," ""salmón ahumado, queso crema, lechuga, palta y berros""                                                                                                                                              "
"1","
"
"1","[368]"
"1"," ""hamburguesa de champiñones portobello y legumbres, tomate y kétchup casero, queso cheddar, cebollitas caramelizadas, mix verde y aderezo de zanahoria, en pan casero.""                             "
"1","
"
"1","[369]"
"1"," ""arrollado de huaso, palta, mayonesa, en pan amasado.""                                                                                                                                              "
"1","
"
"1","[370]"
"1"," "" lomo liso ahumado en salsa de champiñones, con lechuga, tomate y palta del valle del aconcagua.""                                                                                                  "
"1","
"
"1","[371]"
"1"," ""provoleta, panceta ahumada, aros de cebolla apanados y salsa bbq jack daniel’s.""                                                                                                                   "
"1","
"
"1","[372]"
"1"," ""cheeseburger con pebre (palta, cilantro y tomate), con cebolla a la plancha, pepinillo y mayonesa, agregado de salsa spicy""                                                                        "
"1","
"
"1","[373]"
"1"," ""carne rostizada,pepino agridulce""                                                                                                                                                                  "
"1","
"
"1","[374]"
"1"," ""churrasco de posta negra, brócoli, coliflor, salsa agridulce, tocino, cranberries y queso cheddar.""                                                                                                "
"1","
"
"1","[375]"
"1"," ""jamón serrano,queso de huentelauquén y pimientos asados.""                                                                                                                                          "
"1","
"
"1","[376]"
"1"," ""hamburguesa de garbanzo en tempura de granola, pera, cebolla y rúcula""                                                                                                                             "
"1","
"
"1","[377]"
"1"," ""albóndigas de cerdo picante, queso provolone y salsa gravy con champiñones, en baguette integral""                                                                                                  "
"1","
"
"1","[378]"
"1"," ""brisket sureño al bbq, cebolla frita, jalapeño, queso cheddar, pan de masa madre.\n""                                                                                                               "
"1","
"
"1","[379]"
"1"," ""hamburguesa casera de 170 gramos rellena con queso cheddar, con quesos mantecoso y azul, tomates asados y albahaca, en pan frica.""                                                                 "
"1","
"
"1","[380]"
"1"," "" plateada al carmenere, champiñones salteados, cebolla caramelizada, queso mantecoso derretido, lechuga y mayonesa al merkén""                                                                      "
"1","
"
"1","[381]"
"1"," ""hamburguesa a la parrilla, queso azul y papas hilo""                                                                                                                                                "
"1","
"
"1","[382]"
"1"," ""corned beef, queso suizo, chucrut y aliño ruso, en pan de centeno.""                                                                                                                                "
"1","
"
"1","[383]"
"1"," ""hamburguesa de arañita de wagyu, tomate, lechuga, mermelada de cebolla, tocino, pepinillos, queso mozzarella, servido en pan brioche.""                                                             "
"1","
"
"1","[384]"
"1"," ""hamburguesa hereford, tocino, pulled pork, queso, aros de cebolla apanados y fritos, lechuga, tomate, cebolla, pepinillos, kétchup y mayonesa.""                                                    "
"1","
"
"1","[385]"
"1"," ""churrasco de posta rosada, queso derretido, tomate y mayonesa casera, en pan frica.""                                                                                                               "
"1","
"
"1","[386]"
"1"," ""salchicha, palta, tomate, queso, chucrut""                                                                                                                                                          "
"1","
"
"1","[387]"
"1"," ""tofu orgánico frito y glaseado con yangnyum, maní molido, mu encurtido, lechuga, mayonesa gochuyang, en un pan brioche.\n""                                                                         "
"1","
"
"1","[388]"
"1"," "" lomo de cerdo, tomate, salsa verde y mayonesa""                                                                                                                                                    "
"1","
"
"1","[389]"
"1"," ""churrasco filete, lechuga, tomate, cebolla, queso, palta, pepinillos, en pan frica.""                                                                                                               "
"1","
"
"1","[390]"
"1"," ""lomo liso, rúcula, grana padano, salsa césar, sal de mar.""                                                                                                                                         "
"1","
"
"1","[391]"
"1"," ""mechada, palta, tomate, mayonesa.""                                                                                                                                                                 "
"1","
"
"1","[392]"
"1"," ""costillas de cerdo, pulled pork bañado en salsa barbecue, con quesos cheddar y mantecoso, pepinillos y aros de cebolla.""                                                                           "
"1","
"
"1","[393]"
"1"," ""brisket ahumado por 14 horas, coliflor encurtida, ensalada de kale, alioli de ajo negro, salsa bbq , pan turco""                                                                                    "
"1","
"
"1","[394]"
"1"," ""milanesa, queso azul, queso parmesano, cebolla caramelizada, espinaca y champiñones salteados.""                                                                                                    "
"1","
"
"1","[395]"
"1"," ""pollo, palta.""                                                                                                                                                                                     "
"1","
"
"1","[396]"
"1"," ""hamburguesa de vacuno hereford de 175 grs, prieta grillada, tocino crujiente, manzanas caramelizadas, queso mozzarella, lechuga y salsa casera de honey mustard, en pan brioche blanco con sésamo."""
"1","
"
"1","[397]"
"1"," ""queso cheddar, onion rings, tocino crujiente, ají jalapeño, lechuga, tomate, salsa bbq casera.""                                                                                                    "
"1","
"
"1","[398]"
"1"," ""croquetas de palmito con coleslaw, hojas verdes y mayonesa de sriracha, en pan ciabatta.""                                                                                                          "
"1","
"
"1","[399]"
"1"," ""zapallo italiano apanado, hummus, rúcula, pimiento morrón y mayonesa de la casa""                                                                                                                   "
"1","
"
"1","[400]"
"1"," "" 2 hamburguesas vegetarianas caseras, salsa especial, lechuga iceberg, queso vegano, cebolla,  pepinillos, pan brioche de 3 pisos.""                                                                "
"1","
"
"1","[401]"
"1"," ""hamburguesa de carne de vacuno, betarraga, mix verde, tocino, huevo frito, champiñón portobello, queso, relish y alioli.""                                                                          "
"1","
"
"1","[402]"
"1"," ""salchicha artesanal de 20 centímetros, con salsa de queso cheddar, cebolla crispy, tocino crocante y salsa bbq, más dos salsas a elección""                                                         "
"1","
"
"1","[403]"
"1"," ""champiñones royal marinados en vinagre, especias, queso de cabra ahumado, cebolla al escabeche, tomate, lechuga hidropónica, pepinillos caseros y mayonesa vegana""                                 "
"1","
"
"1","[404]"
"1"," ""mechada, porotos verdes, tomate, mayonesa casera, ají verde y queso derretido.""                                                                                                                    "
"1","
"
"1","[405]"
"1"," ""churrasco (posta negra), papas hilo, salsa de tocino, mermelada de cebolla y rúcula""                                                                                                               "
"1","
"
"1","[406]"
"1"," ""queso chedar, salsa de la casa, lechuga, tomate, tocino.""                                                                                                                                          "
"1","
"
"1","[407]"
"1"," NA                                                                                                                                                                                                  "
"1","
"
"1","[408]"
"1"," ""pan pita, champiñón horneado en leche de coco, curry rojo, lechuga, salsa ácida y chips de plátano frito""                                                                                          "
"1","
"
"1","[409]"
"1"," ""lomo saltado, papas hilo, tocino crocante y huevo frito""                                                                                                                                           "
"1","
"
"1","[410]"
"1"," ""churrasco y palta.""                                                                                                                                                                                "
"1","
"
"0","sandwich$Precio2 <- gsub(""$"", """", sandwich$Precio)"
"0",""
"0",""
"0","dim(sandwich)"
"1","[1]"
"1"," 410"
"1","   4"
"1","
"
